[
  {
    "line": 3,
    "elements": [
      {
        "line": 10,
        "name": "Full journey",
        "description": "",
        "id": "basket;full-journey",
        "type": "scenario",
        "keyword": "Scenario",
        "steps": [
          {
            "result": {
              "duration": 4846749163,
              "status": "passed"
            },
            "line": 11,
            "name": "that i am in Estimate your take-home pay page",
            "match": {
              "location": "Basket.that_i_am_in_Estimate_your_take_home_pay_page()"
            },
            "keyword": "Given "
          },
          {
            "result": {
              "duration": 183779585,
              "status": "passed"
            },
            "line": 12,
            "name": "i enter 20000",
            "match": {
              "arguments": [
                {
                  "val": "20000",
                  "offset": 8
                }
              ],
              "location": "Basket.i_enter(int)"
            },
            "keyword": "When "
          },
          {
            "result": {
              "duration": 110110244,
              "status": "passed"
            },
            "line": 13,
            "name": "Select a year option",
            "match": {
              "location": "Basket.select_a_year_option()"
            },
            "keyword": "When "
          },
          {
            "result": {
              "duration": 486038757,
              "status": "passed"
            },
            "line": 14,
            "name": "click continue",
            "match": {
              "location": "Basket.click_continue()"
            },
            "keyword": "When "
          },
          {
            "result": {
              "duration": 85334,
              "status": "passed"
            },
            "line": 15,
            "name": "i can see Are you over the State Pension age?",
            "match": {
              "location": "Basket.i_can_see_Are_you_over_the_State_Pension_age()"
            },
            "keyword": "Then "
          },
          {
            "result": {
              "duration": 94354433,
              "status": "passed"
            },
            "line": 16,
            "name": "select option no",
            "match": {
              "location": "Basket.select_option_no()"
            },
            "keyword": "When "
          },
          {
            "result": {
              "duration": 488928266,
              "status": "passed"
            },
            "line": 17,
            "name": "select continue",
            "match": {
              "location": "Basket.select_continue()"
            },
            "keyword": "When "
          },
          {
            "result": {
              "duration": 77054913,
              "status": "passed"
            },
            "line": 18,
            "name": "i can see Do you want to use your current tax code?",
            "match": {
              "location": "Basket.i_can_see_Do_you_want_to_use_your_current_tax_code()"
            },
            "keyword": "Then "
          },
          {
            "result": {
              "duration": 165218057,
              "status": "passed"
            },
            "line": 19,
            "name": "i select no",
            "match": {
              "location": "Basket.i_select_no()"
            },
            "keyword": "When "
          },
          {
            "result": {
              "duration": 592707398,
              "status": "passed"
            },
            "line": 20,
            "name": "i select continue",
            "match": {
              "location": "Basket.i_select_continue()"
            },
            "keyword": "When "
          },
          {
            "result": {
              "duration": 47389264,
              "status": "passed"
            },
            "line": 21,
            "name": "i see Do you pay the Scottish Income Tax Rate?",
            "match": {
              "location": "Basket.i_see_Do_you_pay_the_Scottish_Income_Tax_Rate()"
            },
            "keyword": "Then "
          },
          {
            "result": {
              "duration": 108684768,
              "status": "passed"
            },
            "line": 22,
            "name": "i select-No",
            "match": {
              "location": "Basket.i_select_No()"
            },
            "keyword": "When "
          },
          {
            "result": {
              "duration": 419658728,
              "status": "passed"
            },
            "line": 23,
            "name": "i select Continue1",
            "match": {
              "arguments": [
                {
                  "val": "1",
                  "offset": 17
                }
              ],
              "location": "Basket.i_select_Continue(int)"
            },
            "keyword": "When "
          },
          {
            "result": {
              "duration": 54079187,
              "status": "passed"
            },
            "line": 24,
            "name": "i see Check your answers",
            "match": {
              "location": "Basket.i_see_Check_your_answers()"
            },
            "keyword": "Then "
          },
          {
            "result": {
              "duration": 372089544,
              "status": "passed"
            },
            "line": 25,
            "name": "i select Get Results",
            "match": {
              "location": "Basket.i_select_Get_Results()"
            },
            "keyword": "When "
          },
          {
            "result": {
              "duration": 56928599,
              "status": "passed"
            },
            "line": 26,
            "name": "i see Your estimated take-home pay",
            "match": {
              "location": "Basket.i_see_Your_estimated_take_home_pay()"
            },
            "keyword": "Then "
          }
        ]
      }
    ],
    "name": "basket",
    "description": "",
    "id": "basket",
    "keyword": "Feature",
    "uri": "basket.feature",
    "tags": [
      {
        "line": 2,
        "name": "@run"
      }
    ]
  }
]